id,category,question,optionA,optionB,optionC,optionD,correctOption
klinik-1,klinik,Definition: Klinische Psychologie,"Gedanken über das eigene Denken, wie z. B. „Meine Sorgen sind unkontrollierbar“ oder „Grübeln hilft mir beim Problemlösen“.","Die Dysthymie ist eine chronische, über mindestens zwei Jahre anhaltende depressive Verstimmung mit geringerem Schweregrad.","Teildisziplin der Psychologie, die sich mit psychischen Störungen und psychischen Aspekten somatischer Krankheiten befasst.","SNS-Zeit geht nicht zu Lasten der Lernzeit, aber intensive Nutzung während des Lernens korreliert leicht negativ mit Noten.",C
klinik-2,klinik,Welche zwei zentralen Wirkmechanismen zur Veränderung psychischer Störungen identifizierte Grawe (1998)?,Klären (Diagnostik/Einsicht) und Bewältigen (Problembearbeitung).,In der mittleren Kindheit und im frühen Jugendalter (8-16 Jahre).,"Aufmerksamkeit, Behalten, Reproduktionsfähigkeit und Motivation.","Planungsfähigkeit, Aufmerksamkeit, Simultanität und Sukzessivität.",A
klinik-3,klinik,Welche vier Systemebenen werden bei der Veränderung psychischer Störungen unterschieden?,Internal (innerhalb der Person liegend).,"Grundlagentheoretisch, angewandt und praktisch.",Eine erhöhte Mortalitätsrate von knapp 40\%.,"Einzelpersonen, Paare, Familien und Gruppen.",D
klinik-4,klinik,Warum gilt die Klinische Psychologie als „Hilfswissenschaft“ für das Sozialwesen?,Interpersonelle Traumata (z. B. Vergewaltigung) haben ein deutlich höheres Risiko zur Folge als zufällige Traumata (z. B. Naturkatastrophen).,Auslöser \rightarrow Wahrnehmung \rightarrow Gedanke „Gefahr“ \rightarrow Angst \rightarrow physiologische Veränderungen \rightarrow körperliche Symptome.,"Sie liefert das Basiswissen, um psychische Probleme der Klientel zu erkennen und zu verstehen, während das Sozialwesen den Fokus auf Beratung legt.","Die Tendenz, den Einfluss situationaler Faktoren zu unterschätzen und den Einfluss dispositionaler Faktoren (Persönlichkeit) zu überschätzen.",C
klinik-5,klinik,"Warum leiden laut Statistik mehr als 27,8\% der Bundesbürger an einer psychischen Störung?""","Es liegen alle Kernmerkmale der Magersucht vor, aber das Gewicht des Patienten befindet sich noch im Normalbereich.",Wiederholte Klagen über körperliche Symptome ohne ausreichenden organischen Befund trotz medizinischer Abklärung.,Häufiges „Body Scanning“ (Beobachten des Körpers) und die exzessive Suche nach Rückversicherung (Doctor Shopping).,Dieser Wert ergibt sich aus der Summe verschiedener Einzeldiagnosen und dem häufigen Auftreten von Komorbiditäten.,D
klinik-6,klinik,Was versteht man in der Klinischen Psychologie unter „Komorbidität“?,Das gleichzeitige Vorliegen von zwei oder mehr verschiedenen psychischen Störungen bei einer Person.,"Verhaltensweisen, die mit der Absicht ausgeführt werden, einer anderen Person oder Gruppe zu nützen.","Bei einer mindestens zwei Jahre anhaltenden Dauer mit multiplen, wechselnden körperlichen Symptomen.","Das Bestreben, sich selbst als „gut“ zu empfinden und den eigenen Wert vor Verletzungen zu schützen.",A
klinik-7,klinik,Definition: Psychische Störung,"Als eine Mehrzahl von Personen, die über längere Zeit in direktem Kontakt stehen und gemeinsame Ziele verfolgen.","Ein klinisch bedeutsames Verhaltens- oder psychisches Muster, das mit Leiden oder Beeinträchtigungen einhergeht.",Wiederholte Klagen über körperliche Symptome ohne ausreichenden organischen Befund trotz medizinischer Abklärung.,Graduierte Exposition (schrittweise Steigerung) und Massierte Exposition (Flooding; direkt höchste Intensität).,B
klinik-8,klinik,Wie viele zweistellige Hauptdiagnosen (z. B. F51) gibt es im ICD-10 Kapitel F?,Genetische Einflüsse und ein Dopaminmangel im Gehirn.,Es existieren insgesamt 79 verschiedene Hauptdiagnosen.,"Aufmerksamkeitsstörung, Überaktivität und Impulsivität.","Vorbereitung, Durchführung und Nachbereitung/Auswertung.",B
klinik-9,klinik,Was versteht man unter dem Begriff „Problemaktualisierung“?,"Die Untersuchung der Bereitschaft gewöhnlicher Menschen, einer Autorität gehorsam zu sein, selbst wenn dies anderen Schaden zufügt.","Das Ausmaß an Kritik, Feindseligkeit und emotionalem Überengagement, das Angehörige gegenüber einem kranken Familienmitglied zeigen.",Das Erlebbar-Machen der problematischen Erlebnisse und Verhaltensweisen innerhalb der therapeutischen oder beraterischen Situation.,"Altruismus bezeichnet Hilfeleistungen, die ohne Erwartung von äußeren Belohnungen, oft unter persönlichem Opfer, erbracht werden.",C
klinik-10,klinik,Was bedeutet „Ressourcenorientierung“ in der klinischen Arbeit?,"Wegen der extremen psychischen Belastung der Versuchspersonen, die glaubten, anderen Schmerzen zuzufügen.","Bei erheblichem Untergewicht, rapidem Gewichtsverlust oder lebensbedrohlichen somatischen Komplikationen.","Depressive Stimmung, Interessen- oder Freudlosigkeit sowie verminderter Antrieb/gesteigerte Ermüdbarkeit.","Die gezielte Nutzung vorhandener Stärken, Fähigkeiten und Potenziale des Klienten zur Problembewältigung.",D
klinik-11,klinik,Welche vier Dimensionen der Angst werden unterschieden?,Willkürliches Schlussfolgern (Pessimismus ohne Beleg) und Übergeneralisierung.,"Informationen, die bei Google hoch gerankt sind oder viele Likes/Follower haben.","Physiologische Ebene, Verhaltensebene, kognitive Ebene und emotionale Ebene.","Familienkonflikte, Isolation, Armut, Gewalt oder Verhaltensauffälligkeiten.",C
klinik-12,klinik,Unter welchen drei Bedingungen wird Angst als Krankheit bzw. Störung eingestuft?,"Körperliche Signale führen zu Angst, was die physiologische Erregung und damit die Symptome weiter steigert.","Traurigkeit ist vorübergehend, meist durch Ereignisse erklärbar und durch positive Aktivitäten unterbrechbar.","Bei mittlerem bis schwerem Leidensdruck, psychosozialen Einschränkungen und dem Eintreten von Komplikationen.",Die Aktivierung negativer kognitiver Schemata und systematischer Denkfehler durch belastende Lebensereignisse.,C
klinik-13,klinik,Nenne die zentralen Schritte im „Teufelskreis-Modell“ der Angst.,Interpersonelle Traumata (z. B. Vergewaltigung) haben ein deutlich höheres Risiko zur Folge als zufällige Traumata (z. B. Naturkatastrophen).,"Sie liefert das Basiswissen, um psychische Probleme der Klientel zu erkennen und zu verstehen, während das Sozialwesen den Fokus auf Beratung legt.",Rigide Kontrolle/Diät \rightarrow Hunger/Mangel \rightarrow Essanfall \rightarrow Angst vor Zunahme/Gegenmaßnahmen \rightarrow vermindertes Selbstwertgefühl.,Auslöser \rightarrow Wahrnehmung \rightarrow Gedanke „Gefahr“ \rightarrow Angst \rightarrow physiologische Veränderungen \rightarrow körperliche Symptome.,D
klinik-14,klinik,Welche drei Bausteine der Kognitiven Verhaltenstherapie (KVT) werden bei Angststörungen eingesetzt?,"Sicher, unsicher-vermeidend, unsicher-ambivalent und desorganisiert.","Negative Sichtweise der eigenen Person, der Umwelt und der Zukunft.","Entspannungsverfahren, Expositionsverfahren und kognitive Verfahren.",Etwa 65 % der Versuchspersonen gingen bis zur maximalen Schockstufe.,C
klinik-15,klinik,Was versteht man unter „Systematischer Desensibilisierung“?,"Ein langandauerndes, wiederholtes traumatisches Ereignis wie z. B. häusliche Gewalt oder Kriegserlebnisse.",Die schrittweise Konfrontation mit angstauslösenden Reizen in Kombination mit einem Entspannungsverfahren.,"Bedingungen während des Traumas, wie die Schwere des Ereignisses und die unmittelbare emotionale Reaktion.","Die gezielte Nutzung vorhandener Stärken, Fähigkeiten und Potenziale des Klienten zur Problembewältigung.",B
klinik-16,klinik,Bei welcher spezifischen Phobie sind Ohnmachtsanfälle (vasovagale Reaktionen) besonders zu befürchten?,Konformität (öffentliche Compliance).,Internal (innerhalb der Person liegend).,Die operante Verstärkung nach Skinner.,"Blut-, Spritzen- und Verletzungsphobie.",D
klinik-17,klinik,Welche drei Phasen sind bei der Durchführung einer klinischen Exposition zu unterscheiden?,Es existieren insgesamt 79 verschiedene Hauptdiagnosen.,"Stimulus, Organismus, Reaktion, Kontingenz und Consequenz.","Aufmerksamkeitsstörung, Überaktivität und Impulsivität.","Vorbereitung, Durchführung und Nachbereitung/Auswertung.",D
klinik-18,klinik,Nenne zwei grundlegende Methoden der Exposition hinsichtlich der Intensität.,"Aufgrund häufigerer schulischer Probleme, seltenerer Vereinsaktivitäten und geringerem Status in der Peergroup.",Graduierte Exposition (schrittweise Steigerung) und Massierte Exposition (Flooding; direkt höchste Intensität).,"Irrationale Bewertungen (Beliefs), wie z. B. absolutes Forderungsdenken („Ich muss...“) oder Katastrophisieren.","Ein klinisch bedeutsames Verhaltens- oder psychisches Muster, das mit Leiden oder Beeinträchtigungen einhergeht.",B
klinik-19,klinik,Wie lässt sich die therapeutische Wirkung der Exposition fachwissenschaftlich erklären?,Selbstwirksamkeitserwartungen (Glaube an eigene Fähigkeiten) und Handlungsergebniserwartungen.,Ein sehr niedriger BMI zu Behandlungsbeginn und eine lange Krankheitsdauer vor Therapiebeginn.,Die 'Fight-or-Flight'-Reaktion (Kampf-oder-Flucht) als unmittelbare energetische Aktivierung.,Durch den Prozess der Habituation (Gewöhnung) und das Erlernen neuer Bewältigungserfahrungen.,D
klinik-20,klinik,Welches Therapieverfahren ist bei der Panikstörung (F41.0) primär indiziert?,Weil sie ohne kortikale Beteiligung direkt im emotionalen Erfahrungsgedächtnis abgelegt werden.,Dass die Anwesenheit anderer die Leistung bei einfachen oder gut gelernten Aufgaben verbessert.,"Die Phase, in der Gefühle wie Angst, Wut oder Trauer nach dem ersten Schock verarbeitet werden.",Exposition an körpereigenen Signalen (interozeptive Exposition) und kognitive Umstrukturierung.,D
klinik-21,klinik,Nenne zwei niedrigschwellige Maßnahmen zur Selbsthilfe gegen Depressionen.,"Lokation (internal/external), Stabilität (stabil/variabel) und Kontrollierbarkeit.","Informationen, die bei Google hoch gerankt sind oder viele Likes/Follower haben.",Die wechselseitige Anpassung zwischen Individuum und Gruppe über die Zeit hinweg.,Aktivitätsaufbau (angenehme Tätigkeiten) und die Strukturierung des Tagesablaufs.,D
klinik-22,klinik,Welche Therapieform kann die Wirksamkeit einer medikamentösen Behandlung bei Depressionen signifikant verbessern?,Als langandauerndes affektives Band zu nicht auswechselbaren Personen.,Die Kognitive Verhaltenstherapie (KVT) als begleitende Psychotherapie.,"Ein Reiz, der ohne vorheriges Lernen eine natürliche Reaktion auslöst.",Die Minderheit muss ihre Position konsistent und beharrlich vertreten.,B
klinik-23,klinik,Auf welchen kritischen psychischen Befund muss bei der Aufnahme einer Depressionsbehandlung zwingend geachtet werden?,Eine erhöhte Theta-Aktivität im Vergleich zur Beta-Aktivität.,Die „Safe Place“-Übung und die Arbeit mit dem „Inneren Helfer“.,Auf das Vorliegen von Suizidgedanken oder akuter Suizidalität.,Aufmerksamkeitsstörung und Hyperaktivität (oder innere Unruhe).,C
klinik-24,klinik,Warum ist normale Traurigkeit nicht mit einer klinischen Depression identisch?,"Körperliche Signale führen zu Angst, was die physiologische Erregung und damit die Symptome weiter steigert.",Die Aktivierung negativer kognitiver Schemata und systematischer Denkfehler durch belastende Lebensereignisse.,"Bei mittlerem bis schwerem Leidensdruck, psychosozialen Einschränkungen und dem Eintreten von Komplikationen.","Traurigkeit ist vorübergehend, meist durch Ereignisse erklärbar und durch positive Aktivitäten unterbrechbar.",D
klinik-25,klinik,Welche drei Hauptsymptome kennzeichnen die Diagnose einer Depression nach ICD-10?,"Depressive Stimmung, Interessen- oder Freudlosigkeit sowie verminderter Antrieb/gesteigerte Ermüdbarkeit.","Die gezielte Nutzung vorhandener Stärken, Fähigkeiten und Potenziale des Klienten zur Problembewältigung.","Wegen der extremen psychischen Belastung der Versuchspersonen, die glaubten, anderen Schmerzen zuzufügen.","Bei erheblichem Untergewicht, rapidem Gewichtsverlust oder lebensbedrohlichen somatischen Komplikationen.",A
klinik-26,klinik,Was unterscheidet die Dysthymie (F34.1) von einer depressiven Episode?,"Die Dysthymie ist eine chronische, über mindestens zwei Jahre anhaltende depressive Verstimmung mit geringerem Schweregrad.","Gedanken über das eigene Denken, wie z. B. „Meine Sorgen sind unkontrollierbar“ oder „Grübeln hilft mir beim Problemlösen“.","Teildisziplin der Psychologie, die sich mit psychischen Störungen und psychischen Aspekten somatischer Krankheiten befasst.","SNS-Zeit geht nicht zu Lasten der Lernzeit, aber intensive Nutzung während des Lernens korreliert leicht negativ mit Noten.",A
klinik-27,klinik,Welche Ursache für Depressionen postuliert das kognitionstheoretische Modell nach Beck?,Die Aktivierung negativer kognitiver Schemata und systematischer Denkfehler durch belastende Lebensereignisse.,Die Reduktion psychischer Belastung sowie die Förderung adaptiven Verhaltens und emotionaler Selbstregulation.,"Die Wahrscheinlichkeit, dass ein Zeuge bei einem Notfall hilft, sinkt mit der Anzahl der anwesenden Zuschauer.","Ereignis bemerken, als Notfall interpretieren, Verantwortung übernehmen, Kompetenz entscheiden, Hilfe leisten.",A
klinik-28,klinik,Aus welchen drei Komponenten besteht die „Kognitive Triade“ bei depressiven Patienten?,"Entspannungsverfahren, Expositionsverfahren und kognitive Verfahren.","Negative Sichtweise der eigenen Person, der Umwelt und der Zukunft.","Sicher, unsicher-vermeidend, unsicher-ambivalent und desorganisiert.","Planungsfähigkeit, Aufmerksamkeit, Simultanität und Sukzessivität.",B
klinik-29,klinik,Nenne zwei Beispiele für typische kognitive Fehler bei Depressionen.,Willkürliches Schlussfolgern (Pessimismus ohne Beleg) und Übergeneralisierung.,"Physiologische Ebene, Verhaltensebene, kognitive Ebene und emotionale Ebene.","Informationen, die bei Google hoch gerankt sind oder viele Likes/Follower haben.",Aktivitätsaufbau (angenehme Tätigkeiten) und die Strukturierung des Tagesablaufs.,A
klinik-30,klinik,Was ist das Hauptmerkmal somatoformer Störungen?,Wiederholte Klagen über körperliche Symptome ohne ausreichenden organischen Befund trotz medizinischer Abklärung.,"Probleme der Affektregulation, ein negatives Selbstbild (Wertlosigkeit) und dauerhafte Beziehungsschwierigkeiten.","Ein Verfahren zur Veränderung belastender, dysfunktionaler Gedankenmuster in hilfreiche, funktionale Kognitionen.","Sie dient der ersten Stabilisierung, Vermittlung von Hoffnung und Unterstützung bei der sozialen Neuorientierung.",A
klinik-31,klinik,Warum fühlen sich Patienten mit somatoformen Störungen oft „gekränkt“?,"Als Versuch, zu verstehen, wie Denken, Fühlen und Verhalten durch die implizite oder explizite Anwesenheit anderer beeinflusst werden.","Sie stellen oft einen Versuch dar, Kontrolle in einer als bedrohlich oder unkontrollierbar erlebten Welt zu behalten oder zu gewinnen.","Das Unvermögen, deutliche Veränderungen in einer visuellen Szenerie zu bemerken, wenn diese während einer kurzen Unterbrechung auftreten.","Wegen einer langen „Krankheitsodyssee“, bei der sie sich von Ärzten oft nicht ernst genommen oder als „Simulanten“ abgestempelt fühlen.",D
klinik-32,klinik,Verhalten: Nenne zwei typische Verhaltensweisen somatoformer Patienten.,Häufiges „Body Scanning“ (Beobachten des Körpers) und die exzessive Suche nach Rückversicherung (Doctor Shopping).,Dieser Wert ergibt sich aus der Summe verschiedener Einzeldiagnosen und dem häufigen Auftreten von Komorbiditäten.,Wiederholte Klagen über körperliche Symptome ohne ausreichenden organischen Befund trotz medizinischer Abklärung.,"Es liegen alle Kernmerkmale der Magersucht vor, aber das Gewicht des Patienten befindet sich noch im Normalbereich.",A
klinik-33,klinik,Wann wird klinisch von einer „Somatisierungsstörung“ (F45.0) gesprochen?,"Verhaltensweisen, die mit der Absicht ausgeführt werden, einer anderen Person oder Gruppe zu nützen.",Das gleichzeitige Vorliegen von zwei oder mehr verschiedenen psychischen Störungen bei einer Person.,"Bei einer mindestens zwei Jahre anhaltenden Dauer mit multiplen, wechselnden körperlichen Symptomen.","Das Bestreben, sich selbst als „gut“ zu empfinden und den eigenen Wert vor Verletzungen zu schützen.",C
klinik-34,klinik,Wie definiert sich die „Hypochondrische Störung“ (F45.2)?,"Depressive Stimmung, Interessen- oder Freudlosigkeit sowie verminderter Antrieb/gesteigerte Ermüdbarkeit.","Durch die beharrliche Überzeugung oder Angst, an einer schwerwiegenden körperlichen Krankheit zu leiden.","Chronisch zehrende Krankheiten wie Tumore, Schilddrüsenerkrankungen oder entzündliche Darmerkrankungen.","Die gezielte Nutzung vorhandener Stärken, Fähigkeiten und Potenziale des Klienten zur Problembewältigung.",B
klinik-35,klinik,Was versteht man unter dem Prozess der „Amplifikation“ bei körperlichen Missempfindungen?,"Zuschauer orientieren sich an der Passivität anderer und schlussfolgern fälschlicherweise, dass kein Notfall vorliegt.","Störung der Körperwahrnehmung (Körperschemastörung), übermäßige Beschäftigung mit Essen und Angst vor Gewichtszunahme.","Psychoedukation, Entspannungsverfahren, Umlenkung der Aufmerksamkeit, kognitive Umstrukturierung und Kompetenztraining.",Die Verstärkung der Wahrnehmung körperlicher Signale durch selektive Aufmerksamkeit und katastrophisierende Bewertung.,D
klinik-36,klinik,Warum kann das Erklärungsmodell für somatoforme Störungen als „Teufelskreis“ bezeichnet werden?,"Körperliche Signale führen zu Angst, was die physiologische Erregung und damit die Symptome weiter steigert.","Traurigkeit ist vorübergehend, meist durch Ereignisse erklärbar und durch positive Aktivitäten unterbrechbar.","Bei mittlerem bis schwerem Leidensdruck, psychosozialen Einschränkungen und dem Eintreten von Komplikationen.","Durch klassische Konditionierung, bei der ein neutraler Reiz mit einem angstauslösenden Reiz gekoppelt wird.",A
klinik-37,klinik,Nenne fünf typische Therapiebausteine zur Behandlung einer somatoformen Störung.,"Psychoedukation, Entspannungsverfahren, Umlenkung der Aufmerksamkeit, kognitive Umstrukturierung und Kompetenztraining.",Die Verstärkung der Wahrnehmung körperlicher Signale durch selektive Aufmerksamkeit und katastrophisierende Bewertung.,"Störung der Körperwahrnehmung (Körperschemastörung), übermäßige Beschäftigung mit Essen und Angst vor Gewichtszunahme.",Sie steht nicht im Mittelpunkt und sollte nur ergänzend zur Psychotherapie nach sorgfältiger Abwägung eingesetzt werden.,A
klinik-38,klinik,Welche drei Hauptformen von Essstörungen werden unterschieden?,"Stimulus, Organismus, Reaktion, Kontingenz und Consequenz.","Anorexia nervosa, Bulimia nervosa und Binge-Eating-Störung.","Selbstwirksamkeit, Fachwissen oder physische Konstitution.","Angststörungen (47,1\%) oder affektive Störungen (38,3\%).",B
klinik-39,klinik,"Nenne drei psychische Auffälligkeiten, die häufig bei Essstörungen auftreten.""",Die Verstärkung der Wahrnehmung körperlicher Signale durch selektive Aufmerksamkeit und katastrophisierende Bewertung.,"Psychoedukation, Entspannungsverfahren, Umlenkung der Aufmerksamkeit, kognitive Umstrukturierung und Kompetenztraining.","Störung der Körperwahrnehmung (Körperschemastörung), übermäßige Beschäftigung mit Essen und Angst vor Gewichtszunahme.","Zuschauer orientieren sich an der Passivität anderer und schlussfolgern fälschlicherweise, dass kein Notfall vorliegt.",C
klinik-40,klinik,Was charakterisiert die „atypische Anorexia nervosa“?,Durch den Wegfall lustvoller Freizeitaktivitäten und den direkten Vergleich materieller Einschränkungen mit anderen.,Häufiges „Body Scanning“ (Beobachten des Körpers) und die exzessive Suche nach Rückversicherung (Doctor Shopping).,Dieser Wert ergibt sich aus der Summe verschiedener Einzeldiagnosen und dem häufigen Auftreten von Komorbiditäten.,"Es liegen alle Kernmerkmale der Magersucht vor, aber das Gewicht des Patienten befindet sich noch im Normalbereich.",D
klinik-41,klinik,"Nenne zwei Kriterien, die für einen ungünstigen Verlauf der Anorexia nervosa sprechen.""",Ein sehr niedriger BMI zu Behandlungsbeginn und eine lange Krankheitsdauer vor Therapiebeginn.,Selbstwirksamkeitserwartungen (Glaube an eigene Fähigkeiten) und Handlungsergebniserwartungen.,"Sie führt zu höherer Lebenszufriedenheit, Stressresistenz und besseren Bewältigungsressourcen.","Es ist das Bestreben, aversive Situationen zu vermeiden und angenehme Situationen aufzusuchen.",A
klinik-42,klinik,Welche somatischen Ursachen müssen differentialdiagnostisch von einer Anorexie ausgeschlossen werden?,Mit der Evaluation und Optimierung von konkreten sozialen Problemen und Interaktionen in Praxisfeldern.,Sie stärkt die „Top-Down“-Kontrolle des präfrontalen Kortex über die emotionalen Impulse der Amygdala.,"Durch die beharrliche Überzeugung oder Angst, an einer schwerwiegenden körperlichen Krankheit zu leiden.","Chronisch zehrende Krankheiten wie Tumore, Schilddrüsenerkrankungen oder entzündliche Darmerkrankungen.",D
klinik-43,klinik,Beschreibe den Teufelskreis der Essstörungen.,Interpersonelle Traumata (z. B. Vergewaltigung) haben ein deutlich höheres Risiko zur Folge als zufällige Traumata (z. B. Naturkatastrophen).,Auslöser \rightarrow Wahrnehmung \rightarrow Gedanke „Gefahr“ \rightarrow Angst \rightarrow physiologische Veränderungen \rightarrow körperliche Symptome.,Rigide Kontrolle/Diät \rightarrow Hunger/Mangel \rightarrow Essanfall \rightarrow Angst vor Zunahme/Gegenmaßnahmen \rightarrow vermindertes Selbstwertgefühl.,"Sie liefert das Basiswissen, um psychische Probleme der Klientel zu erkennen und zu verstehen, während das Sozialwesen den Fokus auf Beratung legt.",C
klinik-44,klinik,Wann ist bei der Anorexia nervosa eine stationäre Behandlung zwingend indiziert?,"Depressive Stimmung, Interessen- oder Freudlosigkeit sowie verminderter Antrieb/gesteigerte Ermüdbarkeit.","Die gezielte Nutzung vorhandener Stärken, Fähigkeiten und Potenziale des Klienten zur Problembewältigung.","Wegen der extremen psychischen Belastung der Versuchspersonen, die glaubten, anderen Schmerzen zuzufügen.","Bei erheblichem Untergewicht, rapidem Gewichtsverlust oder lebensbedrohlichen somatischen Komplikationen.",D
klinik-45,klinik,Mit welchem Verhalten ist bei Bulimia-nervosa-Patienten im Erstkontakt häufig zu rechnen?,"Mit starkem Schamgefühl und der Tendenz, die Häufigkeit der Ess-Brech-Attacken zu verheimlichen.","Auf dem „B“ (Beliefs), also den kognitiven Bewertungsprozessen zwischen Auslöser und Konsequenz.",Exposition an körpereigenen Signalen (interozeptive Exposition) und kognitive Umstrukturierung.,Weil sie ohne kortikale Beteiligung direkt im emotionalen Erfahrungsgedächtnis abgelegt werden.,A
klinik-46,klinik,Was sind die wichtigsten Therapiebausteine bei Essstörungen?,"Bei der Bearbeitung komplexer oder neuer Aufgaben, die noch nicht sicher beherrscht werden.",Durch den Prozess der Habituation (Gewöhnung) und das Erlernen neuer Bewältigungserfahrungen.,"Ernährungsmanagement, Psychoedukation, kognitive Verhaltenstherapie und Rückfallprophylaxe.","Durch plötzliche, unvorhersehbare und existenzbedrohende Ereignisse von massiver Intensität.",C
klinik-47,klinik,Bei welcher Form von Essstörung können im Verlauf auch chirurgische Eingriffe (Adipositaschirurgie) indiziert sein?,Bei der Binge-Eating-Störung mit resultierendem massivem Übergewicht.,"Entspannungsverfahren, Expositionsverfahren und kognitive Verfahren.",Die Kognitive Verhaltenstherapie (KVT) als begleitende Psychotherapie.,Als langandauerndes affektives Band zu nicht auswechselbaren Personen.,A
klinik-48,klinik,Was versteht man unter einem „Typ-II-Trauma“?,Die schrittweise Konfrontation mit angstauslösenden Reizen in Kombination mit einem Entspannungsverfahren.,"Ein langandauerndes, wiederholtes traumatisches Ereignis wie z. B. häusliche Gewalt oder Kriegserlebnisse.","Die gezielte Nutzung vorhandener Stärken, Fähigkeiten und Potenziale des Klienten zur Problembewältigung.","Bedingungen während des Traumas, wie die Schwere des Ereignisses und die unmittelbare emotionale Reaktion.",B
klinik-49,klinik,Welchen Einfluss hat die Art des Traumas auf das PTBS-Risiko?,"Das Unvermögen, deutliche Veränderungen in einer visuellen Szenerie zu bemerken, wenn diese während einer kurzen Unterbrechung auftreten.","Sie liefert das Basiswissen, um psychische Probleme der Klientel zu erkennen und zu verstehen, während das Sozialwesen den Fokus auf Beratung legt.",Interpersonelle Traumata (z. B. Vergewaltigung) haben ein deutlich höheres Risiko zur Folge als zufällige Traumata (z. B. Naturkatastrophen).,"Die Tendenz, den Einfluss situationaler Faktoren zu unterschätzen und den Einfluss dispositionaler Faktoren (Persönlichkeit) zu überschätzen.",C
klinik-50,klinik,Was kennzeichnet die „Komplexe PTBS“ nach ICD-11 zusätzlich zur klassischen PTBS?,"Probleme der Affektregulation, ein negatives Selbstbild (Wertlosigkeit) und dauerhafte Beziehungsschwierigkeiten.",Wiederholte Klagen über körperliche Symptome ohne ausreichenden organischen Befund trotz medizinischer Abklärung.,"Ein Verfahren zur Veränderung belastender, dysfunktionaler Gedankenmuster in hilfreiche, funktionale Kognitionen.","Sie dient der ersten Stabilisierung, Vermittlung von Hoffnung und Unterstützung bei der sozialen Neuorientierung.",A
klinik-51,klinik,Definition: Peritraumatische Faktoren,Die schrittweise Konfrontation mit angstauslösenden Reizen in Kombination mit einem Entspannungsverfahren.,"Ein langandauerndes, wiederholtes traumatisches Ereignis wie z. B. häusliche Gewalt oder Kriegserlebnisse.","Die gezielte Nutzung vorhandener Stärken, Fähigkeiten und Potenziale des Klienten zur Problembewältigung.","Bedingungen während des Traumas, wie die Schwere des Ereignisses und die unmittelbare emotionale Reaktion.",D
klinik-52,klinik,Welche Erklärung bietet das neurobiologische Modell für die mangelnde willentliche Kontrolle von PTBS-Symptomen?,Eine Überaktivität des Angstzentrums (Amygdala) bei gleichzeitiger Unteraktivität des Regulationszentrums (Präfrontaler Kortex).,"Die direkte Anwendung psychologischen Wissens zur Gestaltung konkreter Interventionen, wie z. B. Unterricht oder Krisenberatung.","Durch gezieltes Fragen den Klienten dazu anzuleiten, Widersprüche in seinen Gedanken selbst zu entdecken (geleitete Entdeckung).",Die Anpassung des eigenen Verhaltens oder Denkens an einen Gruppenstandard aufgrund von realem oder eingebildetem Gruppendruck.,A
klinik-53,klinik,Welche strukturelle Auswirkung kann eine chronische PTBS auf das Gehirn haben?,"Elternberatung, pädagogische Maßnahmen (Schule), Psychotherapie (VT) und medikamentöse Behandlung.",Die Auswirkungen von Deprivation und fehlender emotionaler Zuwendung trotz hoher Hygienestandards.,Der Anteil mit geminderter Lebensqualität stieg von 15\% (vor Pandemie) auf bis zu 48\% (Welle 2).,"Eine Volumenminderung (Atrophie) im Bereich des Hippocampus, der für das Gedächtnis zuständig ist.",D
klinik-54,klinik,Welche Form der Psychotherapie gilt als „Goldstandard“ bei der PTBS?,Traumafokussierte Kognitive Verhaltenstherapie (z. B. Prolonged Exposure) oder EMDR.,"Mädchen suchen eher soziale Unterstützung, während Jungen eher zur Ablenkung neigen.",Lernen durch die Konsequenzen des eigenen Verhaltens (Verstärkung oder Bestrafung).,"Die Variable, die vom Forscher aktiv verändert wird, um ihre Wirkung zu untersuchen.",A
klinik-55,klinik,Welchen Stellenwert hat die Psychopharmakologie bei der Behandlung von PTBS?,"Sie wirken als Vermittler: Nicht die Situation selbst, sondern die Bewertung der Situation bestimmt Gefühl und Reaktion.","Psychoedukation, Entspannungsverfahren, Umlenkung der Aufmerksamkeit, kognitive Umstrukturierung und Kompetenztraining.",Sie steht nicht im Mittelpunkt und sollte nur ergänzend zur Psychotherapie nach sorgfältiger Abwägung eingesetzt werden.,"Sie selektieren Informationen aus der Umwelt, um die kognitive Belastung zu reduzieren, führen aber oft zu Verzerrungen.",C
klinik-56,klinik,Warum ist Beratung für Klienten mit PTBS wichtig?,"Sie dient der ersten Stabilisierung, Vermittlung von Hoffnung und Unterstützung bei der sozialen Neuorientierung.",Wiederholte Klagen über körperliche Symptome ohne ausreichenden organischen Befund trotz medizinischer Abklärung.,"Ein Verfahren zur Veränderung belastender, dysfunktionaler Gedankenmuster in hilfreiche, funktionale Kognitionen.","Probleme der Affektregulation, ein negatives Selbstbild (Wertlosigkeit) und dauerhafte Beziehungsschwierigkeiten.",A
klinik-57,klinik,Nenne zwei Techniken der Ressourcenarbeit bei PTBS-Patienten.,Auf das Vorliegen von Suizidgedanken oder akuter Suizidalität.,Die „Safe Place“-Übung und die Arbeit mit dem „Inneren Helfer“.,Aufmerksamkeitsstörung und Hyperaktivität (oder innere Unruhe).,"Aufmerksamkeit, Behalten, Reproduktionsfähigkeit und Motivation.",B
klinik-58,klinik,Definition: Kognitive Umstrukturierung,"Ein Verfahren zur Veränderung belastender, dysfunktionaler Gedankenmuster in hilfreiche, funktionale Kognitionen.","Probleme der Affektregulation, ein negatives Selbstbild (Wertlosigkeit) und dauerhafte Beziehungsschwierigkeiten.",Wiederholte Klagen über körperliche Symptome ohne ausreichenden organischen Befund trotz medizinischer Abklärung.,"Sie dient der ersten Stabilisierung, Vermittlung von Hoffnung und Unterstützung bei der sozialen Neuorientierung.",A
klinik-59,klinik,Nenne die drei wesentlichen Therapieschritte der Kognitiven Umstrukturierung.,Die Prüfung von Kausalzusammenhängen durch die systematische Variation von Bedingungen.,"1. Psychoedukation, 2. Aufdecken dysfunktionaler Gedanken, 3. Veränderung der Gedanken.","Die Fähigkeit, Ereignisse und Zustände zu erklären, vorherzusagen und zu beeinflussen.",Körperkontakt (Trost) ist eine wichtigere Bindungsvariable als die bloße Nahrungsquelle.,B
klinik-60,klinik,Welche Kognitionen führen nach Albert Ellis (ABC-Modell) zu psychischen Störungen?,"Irrationale Bewertungen (Beliefs), wie z. B. absolutes Forderungsdenken („Ich muss...“) oder Katastrophisieren.","Aufgrund häufigerer schulischer Probleme, seltenerer Vereinsaktivitäten und geringerem Status in der Peergroup.","Ein klinisch bedeutsames Verhaltens- oder psychisches Muster, das mit Leiden oder Beeinträchtigungen einhergeht.",Graduierte Exposition (schrittweise Steigerung) und Massierte Exposition (Flooding; direkt höchste Intensität).,A
klinik-61,klinik,Welche Ziele werden mit der Kognitiven Umstrukturierung verfolgt?,Die Reduktion psychischer Belastung sowie die Förderung adaptiven Verhaltens und emotionaler Selbstregulation.,Die Aktivierung negativer kognitiver Schemata und systematischer Denkfehler durch belastende Lebensereignisse.,"Die Wahrscheinlichkeit, dass ein Zeuge bei einem Notfall hilft, sinkt mit der Anzahl der anwesenden Zuschauer.","Ereignis bemerken, als Notfall interpretieren, Verantwortung übernehmen, Kompetenz entscheiden, Hilfe leisten.",A
klinik-62,klinik,Welche Rolle spielen Kognitionen laut KVT für Gefühle und Verhalten?,"Sie wirken als Vermittler: Nicht die Situation selbst, sondern die Bewertung der Situation bestimmt Gefühl und Reaktion.",Sie steht nicht im Mittelpunkt und sollte nur ergänzend zur Psychotherapie nach sorgfältiger Abwägung eingesetzt werden.,"Psychoedukation, Entspannungsverfahren, Umlenkung der Aufmerksamkeit, kognitive Umstrukturierung und Kompetenztraining.","Sie selektieren Informationen aus der Umwelt, um die kognitive Belastung zu reduzieren, führen aber oft zu Verzerrungen.",A
klinik-63,klinik,Wie wirkt Kognitive Umstrukturierung aus neurobiologischer Sicht?,"Durch operante Konditionierung wird gelernt, Theta-Wellen zu reduzieren und Beta-Wellen zu verstärken.",Sie stärkt die „Top-Down“-Kontrolle des präfrontalen Kortex über die emotionalen Impulse der Amygdala.,"Orientierung/Kontrolle, Selbstwerterhöhung/Selbstwertschutz, Lustgewinn/Unlustvermeidung und Bindung.","Chronisch zehrende Krankheiten wie Tumore, Schilddrüsenerkrankungen oder entzündliche Darmerkrankungen.",B
klinik-64,klinik,Wo liegt der Schwerpunkt der Analyse im klinischen ABC-Modell?,Weil sie ohne kortikale Beteiligung direkt im emotionalen Erfahrungsgedächtnis abgelegt werden.,Exposition an körpereigenen Signalen (interozeptive Exposition) und kognitive Umstrukturierung.,"Mit starkem Schamgefühl und der Tendenz, die Häufigkeit der Ess-Brech-Attacken zu verheimlichen.","Auf dem „B“ (Beliefs), also den kognitiven Bewertungsprozessen zwischen Auslöser und Konsequenz.",D
klinik-65,klinik,Welche Art von Erwartungen spielt eine zentrale Rolle bei der menschlichen Selbstregulation?,"Es ist das Bestreben, aversive Situationen zu vermeiden und angenehme Situationen aufzusuchen.","Sie führt zu höherer Lebenszufriedenheit, Stressresistenz und besseren Bewältigungsressourcen.",Ein sehr niedriger BMI zu Behandlungsbeginn und eine lange Krankheitsdauer vor Therapiebeginn.,Selbstwirksamkeitserwartungen (Glaube an eigene Fähigkeiten) und Handlungsergebniserwartungen.,D
klinik-66,klinik,Was sind „Metakognitionen“ im Kontext psychischer Störungen?,"Teildisziplin der Psychologie, die sich mit psychischen Störungen und psychischen Aspekten somatischer Krankheiten befasst.","Gedanken über das eigene Denken, wie z. B. „Meine Sorgen sind unkontrollierbar“ oder „Grübeln hilft mir beim Problemlösen“.","Die Dysthymie ist eine chronische, über mindestens zwei Jahre anhaltende depressive Verstimmung mit geringerem Schweregrad.","SNS-Zeit geht nicht zu Lasten der Lernzeit, aber intensive Nutzung während des Lernens korreliert leicht negativ mit Noten.",B
klinik-67,klinik,Was ist das Ziel des „Sokratischen Dialogs“?,"Durch gezieltes Fragen den Klienten dazu anzuleiten, Widersprüche in seinen Gedanken selbst zu entdecken (geleitete Entdeckung).",Die Anpassung des eigenen Verhaltens oder Denkens an einen Gruppenstandard aufgrund von realem oder eingebildetem Gruppendruck.,Eine Überaktivität des Angstzentrums (Amygdala) bei gleichzeitiger Unteraktivität des Regulationszentrums (Präfrontaler Kortex).,"Die direkte Anwendung psychologischen Wissens zur Gestaltung konkreter Interventionen, wie z. B. Unterricht oder Krisenberatung.",A
psycho-1,psycho,Nenne die vier psychischen Grundbedürfnisse nach Grawe (2004).,"Orientierung/Kontrolle, Selbstwerterhöhung/Selbstwertschutz, Lustgewinn/Unlustvermeidung und Bindung.",Die Erforschung allgemeiner Gesetzmäßigkeiten des sozialen Verhaltens durch Theorien und Experimente.,Das gleichzeitige Vorliegen von zwei oder mehr verschiedenen psychischen Störungen bei einer Person.,"Bei einer mindestens zwei Jahre anhaltenden Dauer mit multiplen, wechselnden körperlichen Symptomen.",A
psycho-2,psycho,Was beschreibt das Grundbedürfnis nach Orientierung und Kontrolle?,"Die Fähigkeit, Ereignisse und Zustände zu erklären, vorherzusagen und zu beeinflussen.",Internale (in der Person liegende) und externale (in der Situation liegende) Faktoren.,"1. Psychoedukation, 2. Aufdecken dysfunktionaler Gedanken, 3. Veränderung der Gedanken.",Die Prüfung von Kausalzusammenhängen durch die systematische Variation von Bedingungen.,A
psycho-3,psycho,Wie wirkt sich eine hohe Kontrollüberzeugung auf das Wohlbefinden aus?,"Es ist das Bestreben, aversive Situationen zu vermeiden und angenehme Situationen aufzusuchen.",Selbstwirksamkeitserwartungen (Glaube an eigene Fähigkeiten) und Handlungsergebniserwartungen.,Ein sehr niedriger BMI zu Behandlungsbeginn und eine lange Krankheitsdauer vor Therapiebeginn.,"Sie führt zu höherer Lebenszufriedenheit, Stressresistenz und besseren Bewältigungsressourcen.",D
psycho-4,psycho,Inwiefern können Angststörungen als Versuch der Kontrolle interpretiert werden?,"Als Versuch, zu verstehen, wie Denken, Fühlen und Verhalten durch die implizite oder explizite Anwesenheit anderer beeinflusst werden.","Sie stellen oft einen Versuch dar, Kontrolle in einer als bedrohlich oder unkontrollierbar erlebten Welt zu behalten oder zu gewinnen.","Wegen einer langen „Krankheitsodyssee“, bei der sie sich von Ärzten oft nicht ernst genommen oder als „Simulanten“ abgestempelt fühlen.","Das Ausmaß an Kritik, Feindseligkeit und emotionalem Überengagement, das Angehörige gegenüber einem kranken Familienmitglied zeigen.",B
psycho-5,psycho,Warum ist das Bedürfnis nach Orientierung und Kontrolle bei Kindern alkoholkranker Väter verletzt?,Die Identifikation der aufrechterhaltenden Bedingungen eines problematischen Verhaltens.,"Durch Unzuverlässigkeit, Unkontrollierbarkeit und Volatilität des elterlichen Verhaltens.",Körperkontakt (Trost) ist eine wichtigere Bindungsvariable als die bloße Nahrungsquelle.,"Die Variable, an der die Wirkung der Veränderung der unabhängigen Variable gemessen wird.",B
psycho-6,psycho,Welche Auswirkung hat Armut auf die Orientierung und Kontrolle im Alltag von Kindern?,Sie führt zu eingeschränkter Planbarkeit der sozialen Teilhabe und oft zu einer selbstversorgenden Tagesstruktur.,"Sie dient der ersten Stabilisierung, Vermittlung von Hoffnung und Unterstützung bei der sozialen Neuorientierung.",Wiederholte Klagen über körperliche Symptome ohne ausreichenden organischen Befund trotz medizinischer Abklärung.,"Probleme der Affektregulation, ein negatives Selbstbild (Wertlosigkeit) und dauerhafte Beziehungsschwierigkeiten.",A
psycho-7,psycho,Definiere das psychische Grundbedürfnis der Selbstwerterhöhung/-schutz.,"Verhaltensweisen, die mit der Absicht ausgeführt werden, einer anderen Person oder Gruppe zu nützen.","Das Bestreben, sich selbst als „gut“ zu empfinden und den eigenen Wert vor Verletzungen zu schützen.",Das gleichzeitige Vorliegen von zwei oder mehr verschiedenen psychischen Störungen bei einer Person.,"Bei einer mindestens zwei Jahre anhaltenden Dauer mit multiplen, wechselnden körperlichen Symptomen.",B
psycho-8,psycho,Welche psychischen Störungen werden häufig durch Selbstwertprobleme verursacht oder aufrechterhalten?,Bei 40-60\% der Betroffenen.,Die Gesellschaft (Makro-Ebene).,Soziale Phobie und Depression.,Die anaklitische Depression.,C
psycho-9,psycho,Warum leiden Kinder in Armut häufiger unter einem verletzten Selbstwertgefühl?,"Aufgrund häufigerer schulischer Probleme, seltenerer Vereinsaktivitäten und geringerem Status in der Peergroup.",Graduierte Exposition (schrittweise Steigerung) und Massierte Exposition (Flooding; direkt höchste Intensität).,"Irrationale Bewertungen (Beliefs), wie z. B. absolutes Forderungsdenken („Ich muss...“) oder Katastrophisieren.","Ein klinisch bedeutsames Verhaltens- oder psychisches Muster, das mit Leiden oder Beeinträchtigungen einhergeht.",A
psycho-10,psycho,Was besagt das Lustprinzip nach Freud im Kontext der Grundbedürfnisse?,Selbstwirksamkeitserwartungen (Glaube an eigene Fähigkeiten) und Handlungsergebniserwartungen.,"Sie führt zu höherer Lebenszufriedenheit, Stressresistenz und besseren Bewältigungsressourcen.","Es ist das Bestreben, aversive Situationen zu vermeiden und angenehme Situationen aufzusuchen.",Ein sehr niedriger BMI zu Behandlungsbeginn und eine lange Krankheitsdauer vor Therapiebeginn.,C
psycho-11,psycho,Welches Lernprinzip entspricht dem Bedürfnis nach Lustgewinn/Unlustvermeidung?,Die operante Verstärkung nach Skinner.,"Blut-, Spritzen- und Verletzungsphobie.",Konformität (öffentliche Compliance).,Internal (innerhalb der Person liegend).,A
psycho-12,psycho,Warum ist der Lustgewinn bei Kindern in einer „kinderunfreundlichen“ Umgebung eingeschränkt?,"Es liegen alle Kernmerkmale der Magersucht vor, aber das Gewicht des Patienten befindet sich noch im Normalbereich.",Dieser Wert ergibt sich aus der Summe verschiedener Einzeldiagnosen und dem häufigen Auftreten von Komorbiditäten.,Durch den Wegfall lustvoller Freizeitaktivitäten und den direkten Vergleich materieller Einschränkungen mit anderen.,Häufiges „Body Scanning“ (Beobachten des Körpers) und die exzessive Suche nach Rückversicherung (Doctor Shopping).,C
psycho-13,psycho,Wie definierte Bowlby (1975) das Konstrukt der Bindung?,Als langandauerndes affektives Band zu nicht auswechselbaren Personen.,"Ein Reiz, der ohne vorheriges Lernen eine natürliche Reaktion auslöst.",Die Minderheit muss ihre Position konsistent und beharrlich vertreten.,Die Kognitive Verhaltenstherapie (KVT) als begleitende Psychotherapie.,A
psycho-14,psycho,Nenne die vier üblichen Bindungskategorien nach Ainsworth et al. (1978).,"Sicher, unsicher-vermeidend, unsicher-ambivalent und desorganisiert.","Entspannungsverfahren, Expositionsverfahren und kognitive Verfahren.","Negative Sichtweise der eigenen Person, der Umwelt und der Zukunft.",Etwa 65 % der Versuchspersonen gingen bis zur maximalen Schockstufe.,A
psycho-15,psycho,Was untersuchte René Spitz (1945) bei Kleinkindern in Findelhäusern?,Die Auswirkungen von Deprivation und fehlender emotionaler Zuwendung trotz hoher Hygienestandards.,Der Anteil mit geminderter Lebensqualität stieg von 15\% (vor Pandemie) auf bis zu 48\% (Welle 2).,"Elternberatung, pädagogische Maßnahmen (Schule), Psychotherapie (VT) und medikamentöse Behandlung.","Eine Volumenminderung (Atrophie) im Bereich des Hippocampus, der für das Gedächtnis zuständig ist.",A
psycho-16,psycho,Welches Krankheitsbild beschrieb Spitz nach dreimonatiger Trennung von der Bezugsperson?,Soziale Phobie und Depression.,Vor dem siebten Lebensjahr.,Bei 40-60\% der Betroffenen.,Die anaklitische Depression.,D
psycho-17,psycho,Welche Spätfolge beobachtete Spitz bei anhaltender Deprivation bis ins zweite Lebensjahr?,Eine erhöhte Mortalitätsrate von knapp 40\%.,Internal (innerhalb der Person liegend).,"Einzelpersonen, Paare, Familien und Gruppen.","Grundlagentheoretisch, angewandt und praktisch.",A
psycho-18,psycho,Was war das zentrale Ergebnis von Harry Harlows Experimenten mit Rhesusaffen?,"Durch Unzuverlässigkeit, Unkontrollierbarkeit und Volatilität des elterlichen Verhaltens.",Körperkontakt (Trost) ist eine wichtigere Bindungsvariable als die bloße Nahrungsquelle.,Die Identifikation der aufrechterhaltenden Bedingungen eines problematischen Verhaltens.,"1. Psychoedukation, 2. Aufdecken dysfunktionaler Gedanken, 3. Veränderung der Gedanken.",B
psycho-19,psycho,Wofür steht das Akronym SORKC in der Verhaltenstherapie?,"Angststörungen (47,1\%) oder affektive Störungen (38,3\%).","Selbstwirksamkeit, Fachwissen oder physische Konstitution.","Stimulus, Organismus, Reaktion, Kontingenz und Consequenz.",Das Milgram-Experiment zum Gehorsam gegenüber Autoritäten.,C
psycho-20,psycho,Was ist ein unkonditionierter Stimulus (UCS) in der klassischen Konditionierung?,"Ein Reiz, der ohne vorheriges Lernen eine natürliche Reaktion auslöst.",Die Kognitive Verhaltenstherapie (KVT) als begleitende Psychotherapie.,Die Minderheit muss ihre Position konsistent und beharrlich vertreten.,Als langandauerndes affektives Band zu nicht auswechselbaren Personen.,A
psycho-21,psycho,Wie entsteht eine Phobie laut dem Modell von Watson?,"Durch klassische Konditionierung, bei der ein neutraler Reiz mit einem angstauslösenden Reiz gekoppelt wird.","Körperliche Signale führen zu Angst, was die physiologische Erregung und damit die Symptome weiter steigert.","Bei mittlerem bis schwerem Leidensdruck, psychosozialen Einschränkungen und dem Eintreten von Komplikationen.","Traurigkeit ist vorübergehend, meist durch Ereignisse erklärbar und durch positive Aktivitäten unterbrechbar.",A
psycho-22,psycho,Welche Gehirnstruktur ermöglicht eine schnelle emotionale Reaktion ohne kortikale Beteiligung?,Die Stabilität.,Die Amygdala.,Salutogenese,Würze des Lebens,B
psycho-23,psycho,Warum sind frühkindliche Konditionierungen oft besonders stabil?,"Die Phase, in der Gefühle wie Angst, Wut oder Trauer nach dem ersten Schock verarbeitet werden.",Weil sie ohne kortikale Beteiligung direkt im emotionalen Erfahrungsgedächtnis abgelegt werden.,Exposition an körpereigenen Signalen (interozeptive Exposition) und kognitive Umstrukturierung.,Dass die Anwesenheit anderer die Leistung bei einfachen oder gut gelernten Aufgaben verbessert.,B
psycho-24,psycho,Was ist das Kernprinzip der operanten Konditionierung?,In der Faschismusforschung zur Erklärung von Massengehorsam im Nationalsozialismus.,Traumafokussierte Kognitive Verhaltenstherapie (z. B. Prolonged Exposure) oder EMDR.,Lernen durch die Konsequenzen des eigenen Verhaltens (Verstärkung oder Bestrafung).,Die Ausbildung eines Wir-Gefühls (Kohäsion) und die Entwicklung gemeinsamer Normen.,C
psycho-25,psycho,Nenne die vier Bedingungen des Modelllernens nach Bandura.,"Aufmerksamkeit, Behalten, Reproduktionsfähigkeit und Motivation.",Aufmerksamkeitsstörung und Hyperaktivität (oder innere Unruhe).,Klären (Diagnostik/Einsicht) und Bewältigen (Problembearbeitung).,Die „Safe Place“-Übung und die Arbeit mit dem „Inneren Helfer“.,A
psycho-26,psycho,Ab welchem Alter beginnt in der Regel das Imitationslernen?,"Mit ca. 1,5 Jahren.",Handeln und Erleben,Etwa ab 8 Jahren.,Klinische Psychologie,A
psycho-27,psycho,Nenne die drei Symptombereiche von ADHS nach ICD-10 (F90.0).,"Vorbereitung, Durchführung und Nachbereitung/Auswertung.",Genetische Einflüsse und ein Dopaminmangel im Gehirn.,Es existieren insgesamt 79 verschiedene Hauptdiagnosen.,"Aufmerksamkeitsstörung, Überaktivität und Impulsivität.",D
psycho-28,psycho,Wie viele Symptome der Unaufmerksamkeit müssen für eine ADHS-Diagnose mindestens vorliegen?,Mindestens 6 Symptome.,Bindung und Sicherheit.,Klinische Psychologie,91\% (96\% bei Mädchen).,A
psycho-29,psycho,Bis zu welchem Alter müssen ADHS-Symptome laut ICD-10 spätestens begonnen haben?,"Zwischen 1,6\% und 4,0\%.",Bei 40-60\% der Betroffenen.,Die anaklitische Depression.,Vor dem siebten Lebensjahr.,D
psycho-30,psycho,Wofür steht das PASS-Modell im Kontext kognitiver ADHS-Probleme?,"Planungsfähigkeit, Aufmerksamkeit, Simultanität und Sukzessivität.",Klären (Diagnostik/Einsicht) und Bewältigen (Problembearbeitung).,"Negative Sichtweise der eigenen Person, der Umwelt und der Zukunft.",In der mittleren Kindheit und im frühen Jugendalter (8-16 Jahre).,A
psycho-31,psycho,"Nenne zwei biologische Ursachen, die bei ADHS diskutiert werden.""","Aufmerksamkeitsstörung, Überaktivität und Impulsivität.",Es existieren insgesamt 79 verschiedene Hauptdiagnosen.,"Einzelfallhilfe, Gruppenarbeit oder Gemeinwesenarbeit",Genetische Einflüsse und ein Dopaminmangel im Gehirn.,D
psycho-32,psycho,Welche EEG-Auffälligkeit zeigen ADHS-Betroffene häufig?,Eine erhöhte Theta-Aktivität im Vergleich zur Beta-Aktivität.,Variabel (da sie von Situation zu Situation schwanken kann).,"Anorexia nervosa, Bulimia nervosa und Binge-Eating-Störung.",Auf das Vorliegen von Suizidgedanken oder akuter Suizidalität.,A
psycho-33,psycho,Wie hoch ist die Prävalenz von ADHS bei Kindern?,Ca. 5\%.,WhatsApp.,Salutogenese,Die Amygdala.,A
psycho-34,psycho,Welche vier Säulen umfasst die Behandlung von ADHS?,Die Auswirkungen von Deprivation und fehlender emotionaler Zuwendung trotz hoher Hygienestandards.,"Eine Volumenminderung (Atrophie) im Bereich des Hippocampus, der für das Gedächtnis zuständig ist.",Der Anteil mit geminderter Lebensqualität stieg von 15\% (vor Pandemie) auf bis zu 48\% (Welle 2).,"Elternberatung, pädagogische Maßnahmen (Schule), Psychotherapie (VT) und medikamentöse Behandlung.",D
psycho-35,psycho,Wie funktioniert Neurofeedback bei ADHS?,"Durch operante Konditionierung wird gelernt, Theta-Wellen zu reduzieren und Beta-Wellen zu verstärken.","Chronisch zehrende Krankheiten wie Tumore, Schilddrüsenerkrankungen oder entzündliche Darmerkrankungen.","Orientierung/Kontrolle, Selbstwerterhöhung/Selbstwertschutz, Lustgewinn/Unlustvermeidung und Bindung.",Sie stärkt die „Top-Down“-Kontrolle des präfrontalen Kortex über die emotionalen Impulse der Amygdala.,A
psycho-36,psycho,Welche zwei Leitsymptome müssen für ADHS im Erwachsenenalter nach den Wender-Utah-Kriterien vorliegen?,"Aufmerksamkeit, Behalten, Reproduktionsfähigkeit und Motivation.",Auf das Vorliegen von Suizidgedanken oder akuter Suizidalität.,Die „Safe Place“-Übung und die Arbeit mit dem „Inneren Helfer“.,Aufmerksamkeitsstörung und Hyperaktivität (oder innere Unruhe).,D
psycho-37,psycho,"Wie hoch ist die Rate der Betroffenen, bei denen ADHS von der Kindheit ins Erwachsenenalter persistiert?""",Soziale Phobie und Depression.,Vor dem siebten Lebensjahr.,Die anaklitische Depression.,Bei 40-60\% der Betroffenen.,D
psycho-38,psycho,Nenne eine häufige Komorbidität von ADHS im Erwachsenenalter.,"Stimulus, Organismus, Reaktion, Kontingenz und Consequenz.",Das Milgram-Experiment zum Gehorsam gegenüber Autoritäten.,"Angststörungen (47,1\%) oder affektive Störungen (38,3\%).","Selbstwirksamkeit, Fachwissen oder physische Konstitution.",C
psycho-39,psycho,Welche App war laut JIM-Studie 2024 die wichtigste über alle Altersgruppen der Jugendlichen hinweg?,Salutogenese,Die Amygdala.,Ca. 5\%.,WhatsApp.,D
psycho-40,psycho,Wie hoch ist der Smartphone-Besitz bei Jungen im Jahr 2024 laut JIM-Studie?,Mindestens 6 Symptome.,Bindung und Sicherheit.,"Zwischen 1,6\% und 4,0\%.",91\% (96\% bei Mädchen).,D
psycho-41,psycho,Was ist das Ergebnis von Meta-Analysen zum Zusammenhang von Social-Media-Nutzung und Schulleistung?,"Gedanken über das eigene Denken, wie z. B. „Meine Sorgen sind unkontrollierbar“ oder „Grübeln hilft mir beim Problemlösen“.","Die Dysthymie ist eine chronische, über mindestens zwei Jahre anhaltende depressive Verstimmung mit geringerem Schweregrad.","Teildisziplin der Psychologie, die sich mit psychischen Störungen und psychischen Aspekten somatischer Krankheiten befasst.","SNS-Zeit geht nicht zu Lasten der Lernzeit, aber intensive Nutzung während des Lernens korreliert leicht negativ mit Noten.",D
psycho-42,psycho,Wie hoch wird die Häufigkeit von Internetsucht bei Jugendlichen geschätzt?,"Zwischen 1,6\% und 4,0\%.",91\% (96\% bei Mädchen).,Vor dem siebten Lebensjahr.,Bindung und Sicherheit.,A
psycho-43,psycho,Welches Ergebnis lieferte die COPSY-Studie bezüglich der Lebensqualität von Kindern während der Pandemie?,"Eine Volumenminderung (Atrophie) im Bereich des Hippocampus, der für das Gedächtnis zuständig ist.","Elternberatung, pädagogische Maßnahmen (Schule), Psychotherapie (VT) und medikamentöse Behandlung.",Der Anteil mit geminderter Lebensqualität stieg von 15\% (vor Pandemie) auf bis zu 48\% (Welle 2).,Die Auswirkungen von Deprivation und fehlender emotionaler Zuwendung trotz hoher Hygienestandards.,C
psycho-44,psycho,Ab welchem Alter verstehen Kinder Nachrichten in der Regel angemessen?,Handeln und Erleben,Würze des Lebens,Etwa ab 8 Jahren.,"Mit ca. 1,5 Jahren.",C
psycho-45,psycho,Welche Informationsquellen halten 10- bis 16-Jährige für besonders glaubwürdig?,"Informationen, die bei Google hoch gerankt sind oder viele Likes/Follower haben.",Aktivitätsaufbau (angenehme Tätigkeiten) und die Strukturierung des Tagesablaufs.,Willkürliches Schlussfolgern (Pessimismus ohne Beleg) und Übergeneralisierung.,Die wechselseitige Anpassung zwischen Individuum und Gruppe über die Zeit hinweg.,A
psycho-46,psycho,Wie unterscheiden sich Jungen und Mädchen laut Eschenbeck (2007) in der Bewältigung belastender Nachrichten?,Lernen durch die Konsequenzen des eigenen Verhaltens (Verstärkung oder Bestrafung).,"Die Variable, die vom Forscher aktiv verändert wird, um ihre Wirkung zu untersuchen.",Traumafokussierte Kognitive Verhaltenstherapie (z. B. Prolonged Exposure) oder EMDR.,"Mädchen suchen eher soziale Unterstützung, während Jungen eher zur Ablenkung neigen.",D
psycho-47,psycho,"In welcher Altersphase fällt es Eltern am leichtesten, mit ihren Kindern über Nachrichten zu sprechen?""","Aufmerksamkeit, Behalten, Reproduktionsfähigkeit und Motivation.","Planungsfähigkeit, Aufmerksamkeit, Simultanität und Sukzessivität.",Klären (Diagnostik/Einsicht) und Bewältigen (Problembearbeitung).,In der mittleren Kindheit und im frühen Jugendalter (8-16 Jahre).,D
psycho-48,psycho,Was benötigen junge Kinder (0-6 Jahre) primär zur Bewältigung einer veränderten Welt?,Bindung und Sicherheit.,Mindestens 6 Symptome.,91\% (96\% bei Mädchen).,"Zwischen 1,6\% und 4,0\%.",A
psycho-49,psycho,Was benötigen Kinder im Grundschulalter primär zur Bewältigung globaler Krisen?,Konformität (öffentliche Compliance).,Soziale Phobie und Depression.,Selbstvertrauen und Orientierung.,Die Gesellschaft (Makro-Ebene).,C
psycho-50,psycho,Was ist das Ziel einer funktionalen Verhaltensanalyse nach dem SORKC-Modell?,Die Identifikation der aufrechterhaltenden Bedingungen eines problematischen Verhaltens.,"Durch Unzuverlässigkeit, Unkontrollierbarkeit und Volatilität des elterlichen Verhaltens.","1. Psychoedukation, 2. Aufdecken dysfunktionaler Gedanken, 3. Veränderung der Gedanken.",Körperkontakt (Trost) ist eine wichtigere Bindungsvariable als die bloße Nahrungsquelle.,A
sozial-1,sozial,Wie definiert Gordon Allport die Sozialpsychologie?,"Wegen einer langen „Krankheitsodyssee“, bei der sie sich von Ärzten oft nicht ernst genommen oder als „Simulanten“ abgestempelt fühlen.","Sie stellen oft einen Versuch dar, Kontrolle in einer als bedrohlich oder unkontrollierbar erlebten Welt zu behalten oder zu gewinnen.","Als Versuch, zu verstehen, wie Denken, Fühlen und Verhalten durch die implizite oder explizite Anwesenheit anderer beeinflusst werden.","Das Ausmaß an Kritik, Feindseligkeit und emotionalem Überengagement, das Angehörige gegenüber einem kranken Familienmitglied zeigen.",C
sozial-2,sozial,Auf welchen drei Ebenen wird die Sozialpsychologie laut den Vorlesungsfolien differenziert?,Eine erhöhte Mortalitätsrate von knapp 40\%.,"Einzelpersonen, Paare, Familien und Gruppen.","Grundlagentheoretisch, angewandt und praktisch.","Individuum, Gruppe, Organisation und Gesellschaft.",C
sozial-3,sozial,Was ist der Fokus der grundlagentheoretischen Ebene der Sozialpsychologie?,"Orientierung/Kontrolle, Selbstwerterhöhung/Selbstwertschutz, Lustgewinn/Unlustvermeidung und Bindung.","Bei einer mindestens zwei Jahre anhaltenden Dauer mit multiplen, wechselnden körperlichen Symptomen.",Die Erforschung allgemeiner Gesetzmäßigkeiten des sozialen Verhaltens durch Theorien und Experimente.,Das gleichzeitige Vorliegen von zwei oder mehr verschiedenen psychischen Störungen bei einer Person.,C
sozial-4,sozial,Womit befasst sich die angewandte Sozialpsychologie?,Sie stärkt die „Top-Down“-Kontrolle des präfrontalen Kortex über die emotionalen Impulse der Amygdala.,"Durch die beharrliche Überzeugung oder Angst, an einer schwerwiegenden körperlichen Krankheit zu leiden.","Chronisch zehrende Krankheiten wie Tumore, Schilddrüsenerkrankungen oder entzündliche Darmerkrankungen.",Mit der Evaluation und Optimierung von konkreten sozialen Problemen und Interaktionen in Praxisfeldern.,D
sozial-5,sozial,Was kennzeichnet die praktische Sozialpsychologie im Kontext der Sozialen Arbeit?,"Durch gezieltes Fragen den Klienten dazu anzuleiten, Widersprüche in seinen Gedanken selbst zu entdecken (geleitete Entdeckung).",Eine Überaktivität des Angstzentrums (Amygdala) bei gleichzeitiger Unteraktivität des Regulationszentrums (Präfrontaler Kortex).,"Die direkte Anwendung psychologischen Wissens zur Gestaltung konkreter Interventionen, wie z. B. Unterricht oder Krisenberatung.",Die Anpassung des eigenen Verhaltens oder Denkens an einen Gruppenstandard aufgrund von realem oder eingebildetem Gruppendruck.,C
sozial-6,sozial,Was war das primäre Ziel des Milgram-Experiments?,"Altruismus bezeichnet Hilfeleistungen, die ohne Erwartung von äußeren Belohnungen, oft unter persönlichem Opfer, erbracht werden.","Das Ausmaß an Kritik, Feindseligkeit und emotionalem Überengagement, das Angehörige gegenüber einem kranken Familienmitglied zeigen.",Das Erlebbar-Machen der problematischen Erlebnisse und Verhaltensweisen innerhalb der therapeutischen oder beraterischen Situation.,"Die Untersuchung der Bereitschaft gewöhnlicher Menschen, einer Autorität gehorsam zu sein, selbst wenn dies anderen Schaden zufügt.",D
sozial-7,sozial,Wie hoch war die Gehorsamsrate (bis 450 Volt) im klassischen Milgram-Experiment?,Etwa 65 % der Versuchspersonen gingen bis zur maximalen Schockstufe.,"Sicher, unsicher-vermeidend, unsicher-ambivalent und desorganisiert.","Negative Sichtweise der eigenen Person, der Umwelt und der Zukunft.","Entspannungsverfahren, Expositionsverfahren und kognitive Verfahren.",A
sozial-8,sozial,In welchem historischen Forschungskontext stand das Milgram-Experiment?,Traumafokussierte Kognitive Verhaltenstherapie (z. B. Prolonged Exposure) oder EMDR.,In der Faschismusforschung zur Erklärung von Massengehorsam im Nationalsozialismus.,Lernen durch die Konsequenzen des eigenen Verhaltens (Verstärkung oder Bestrafung).,Die Ausbildung eines Wir-Gefühls (Kohäsion) und die Entwicklung gemeinsamer Normen.,B
sozial-9,sozial,Definiere den Begriff 'Sozialer Einfluss'.,"Die Untersuchung psychologischer Prozesse, die Gesundheit fördern, erhalten und zur Bewältigung von Krankheiten beitragen.","Die Veränderung von Einstellungen, Überzeugungen oder Verhaltensweisen durch die Präsenz oder Handlungen anderer Personen.","Die Dysthymie ist eine chronische, über mindestens zwei Jahre anhaltende depressive Verstimmung mit geringerem Schweregrad.","Teildisziplin der Psychologie, die sich mit psychischen Störungen und psychischen Aspekten somatischer Krankheiten befasst.",B
sozial-10,sozial,Was versteht man unter 'Konformität'?,Eine Überaktivität des Angstzentrums (Amygdala) bei gleichzeitiger Unteraktivität des Regulationszentrums (Präfrontaler Kortex).,Die Anpassung des eigenen Verhaltens oder Denkens an einen Gruppenstandard aufgrund von realem oder eingebildetem Gruppendruck.,"Durch gezieltes Fragen den Klienten dazu anzuleiten, Widersprüche in seinen Gedanken selbst zu entdecken (geleitete Entdeckung).","Die direkte Anwendung psychologischen Wissens zur Gestaltung konkreter Interventionen, wie z. B. Unterricht oder Krisenberatung.",B
sozial-11,sozial,"Welche zentrale Bedingung muss laut Forschung erfüllt sein, damit eine Minderheit sozialen Einfluss ausüben kann?""",Die Minderheit muss ihre Position konsistent und beharrlich vertreten.,Die Kognitive Verhaltenstherapie (KVT) als begleitende Psychotherapie.,Als langandauerndes affektives Band zu nicht auswechselbaren Personen.,"Ein Reiz, der ohne vorheriges Lernen eine natürliche Reaktion auslöst.",A
sozial-12,sozial,"Nenne die vier Ebenen sozialer Systeme, die für das Verständnis menschlichen Verhaltens relevant sind.""","Individuum, Gruppe, Organisation und Gesellschaft.","Alarmphase, Widerstandsphase und Erschöpfungsphase.",Genetische Einflüsse und ein Dopaminmangel im Gehirn.,"Grundlagentheoretisch, angewandt und praktisch.",A
sozial-13,sozial,Wie wird eine 'Gruppe' in der Sozialpsychologie definiert?,"Ein klinisch bedeutsames Verhaltens- oder psychisches Muster, das mit Leiden oder Beeinträchtigungen einhergeht.",Graduierte Exposition (schrittweise Steigerung) und Massierte Exposition (Flooding; direkt höchste Intensität).,Wiederholte Klagen über körperliche Symptome ohne ausreichenden organischen Befund trotz medizinischer Abklärung.,"Als eine Mehrzahl von Personen, die über längere Zeit in direktem Kontakt stehen und gemeinsame Ziele verfolgen.",D
sozial-14,sozial,Was ist ein wesentliches psychologisches Merkmal einer Gruppe?,Traumafokussierte Kognitive Verhaltenstherapie (z. B. Prolonged Exposure) oder EMDR.,Lernen durch die Konsequenzen des eigenen Verhaltens (Verstärkung oder Bestrafung).,Die Ausbildung eines Wir-Gefühls (Kohäsion) und die Entwicklung gemeinsamer Normen.,In der Faschismusforschung zur Erklärung von Massengehorsam im Nationalsozialismus.,C
sozial-15,sozial,Was beschreibt der Prozess der 'Gruppensozialisation'?,Die wechselseitige Anpassung zwischen Individuum und Gruppe über die Zeit hinweg.,Aktivitätsaufbau (angenehme Tätigkeiten) und die Strukturierung des Tagesablaufs.,"Informationen, die bei Google hoch gerankt sind oder viele Likes/Follower haben.","Lokation (internal/external), Stabilität (stabil/variabel) und Kontrollierbarkeit.",A
sozial-16,sozial,Was besagt das Phänomen der 'Sozialen Erleichterung' (Social Facilitation)?,"Die Phase, in der Gefühle wie Angst, Wut oder Trauer nach dem ersten Schock verarbeitet werden.",Dass die Anwesenheit anderer die Leistung bei einfachen oder gut gelernten Aufgaben verbessert.,Exposition an körpereigenen Signalen (interozeptive Exposition) und kognitive Umstrukturierung.,Weil sie ohne kortikale Beteiligung direkt im emotionalen Erfahrungsgedächtnis abgelegt werden.,B
sozial-17,sozial,Wann führt die Anwesenheit anderer zu einer Leistungsminderung (Social Inhibition)?,"Durch plötzliche, unvorhersehbare und existenzbedrohende Ereignisse von massiver Intensität.",Durch den Prozess der Habituation (Gewöhnung) und das Erlernen neuer Bewältigungserfahrungen.,"Bei der Bearbeitung komplexer oder neuer Aufgaben, die noch nicht sicher beherrscht werden.","Ernährungsmanagement, Psychoedukation, kognitive Verhaltenstherapie und Rückfallprophylaxe.",C
sozial-18,sozial,Definiere 'prosoziales Verhalten'.,"Das Bestreben, sich selbst als „gut“ zu empfinden und den eigenen Wert vor Verletzungen zu schützen.","Bei einer mindestens zwei Jahre anhaltenden Dauer mit multiplen, wechselnden körperlichen Symptomen.",Das gleichzeitige Vorliegen von zwei oder mehr verschiedenen psychischen Störungen bei einer Person.,"Verhaltensweisen, die mit der Absicht ausgeführt werden, einer anderen Person oder Gruppe zu nützen.",D
sozial-19,sozial,Was unterscheidet 'Altruismus' von allgemeinem prosozialem Verhalten?,"Altruismus bezeichnet Hilfeleistungen, die ohne Erwartung von äußeren Belohnungen, oft unter persönlichem Opfer, erbracht werden.","Die direkte Anwendung psychologischen Wissens zur Gestaltung konkreter Interventionen, wie z. B. Unterricht oder Krisenberatung.",Eine Überaktivität des Angstzentrums (Amygdala) bei gleichzeitiger Unteraktivität des Regulationszentrums (Präfrontaler Kortex).,"Durch gezieltes Fragen den Klienten dazu anzuleiten, Widersprüche in seinen Gedanken selbst zu entdecken (geleitete Entdeckung).",A
sozial-20,sozial,Was beschreibt der 'Bystander-Effekt'?,Die Aktivierung negativer kognitiver Schemata und systematischer Denkfehler durch belastende Lebensereignisse.,"Ereignis bemerken, als Notfall interpretieren, Verantwortung übernehmen, Kompetenz entscheiden, Hilfe leisten.","Die Wahrscheinlichkeit, dass ein Zeuge bei einem Notfall hilft, sinkt mit der Anzahl der anwesenden Zuschauer.",Die Reduktion psychischer Belastung sowie die Förderung adaptiven Verhaltens und emotionaler Selbstregulation.,C
sozial-21,sozial,Was versteht man unter 'Pluralistischer Ignoranz' im Kontext von Notfällen?,"Zuschauer orientieren sich an der Passivität anderer und schlussfolgern fälschlicherweise, dass kein Notfall vorliegt.","Psychoedukation, Entspannungsverfahren, Umlenkung der Aufmerksamkeit, kognitive Umstrukturierung und Kompetenztraining.",Die Verstärkung der Wahrnehmung körperlicher Signale durch selektive Aufmerksamkeit und katastrophisierende Bewertung.,"Störung der Körperwahrnehmung (Körperschemastörung), übermäßige Beschäftigung mit Essen und Angst vor Gewichtszunahme.",A
sozial-22,sozial,Wie erklärt die 'Verantwortungsdiffusion' das Ausbleiben von Hilfe?,Wiederholte Klagen über körperliche Symptome ohne ausreichenden organischen Befund trotz medizinischer Abklärung.,"Das Gefühl der persönlichen Verantwortung nimmt ab, weil man glaubt, dass andere ebenso oder eher helfen könnten.","Probleme der Affektregulation, ein negatives Selbstbild (Wertlosigkeit) und dauerhafte Beziehungsschwierigkeiten.","Sie dient der ersten Stabilisierung, Vermittlung von Hoffnung und Unterstützung bei der sozialen Neuorientierung.",B
sozial-23,sozial,Nenne die fünf Stufen des kognitiven Entscheidungsmodells des Hilfeverhaltens von Latané und Darley.,"Die Wahrscheinlichkeit, dass ein Zeuge bei einem Notfall hilft, sinkt mit der Anzahl der anwesenden Zuschauer.",Die Aktivierung negativer kognitiver Schemata und systematischer Denkfehler durch belastende Lebensereignisse.,Die Reduktion psychischer Belastung sowie die Förderung adaptiven Verhaltens und emotionaler Selbstregulation.,"Ereignis bemerken, als Notfall interpretieren, Verantwortung übernehmen, Kompetenz entscheiden, Hilfe leisten.",D
sozial-24,sozial,Was ist die Funktion von 'Wahrnehmungsfiltern' in der sozialen Wahrnehmung?,"Sie wirken als Vermittler: Nicht die Situation selbst, sondern die Bewertung der Situation bestimmt Gefühl und Reaktion.",Sie steht nicht im Mittelpunkt und sollte nur ergänzend zur Psychotherapie nach sorgfältiger Abwägung eingesetzt werden.,"Sie selektieren Informationen aus der Umwelt, um die kognitive Belastung zu reduzieren, führen aber oft zu Verzerrungen.","Psychoedukation, Entspannungsverfahren, Umlenkung der Aufmerksamkeit, kognitive Umstrukturierung und Kompetenztraining.",C
sozial-25,sozial,Definiere 'Veränderungsblindheit' (Change Blindness).,"Das Unvermögen, deutliche Veränderungen in einer visuellen Szenerie zu bemerken, wenn diese während einer kurzen Unterbrechung auftreten.","Als Versuch, zu verstehen, wie Denken, Fühlen und Verhalten durch die implizite oder explizite Anwesenheit anderer beeinflusst werden.","Wegen einer langen „Krankheitsodyssee“, bei der sie sich von Ärzten oft nicht ernst genommen oder als „Simulanten“ abgestempelt fühlen.","Sie stellen oft einen Versuch dar, Kontrolle in einer als bedrohlich oder unkontrollierbar erlebten Welt zu behalten oder zu gewinnen.",A
sozial-26,sozial,Was untersucht die 'Attributionstheorie'?,"Bei einer mindestens zwei Jahre anhaltenden Dauer mit multiplen, wechselnden körperlichen Symptomen.",Das gleichzeitige Vorliegen von zwei oder mehr verschiedenen psychischen Störungen bei einer Person.,"Das Bestreben, sich selbst als „gut“ zu empfinden und den eigenen Wert vor Verletzungen zu schützen.",Wie Menschen Ursachen für das Verhalten von sich selbst und anderen zuschreiben (Ursachenerklärung).,D
sozial-27,sozial,Welche zwei grundlegenden Ursachenlokationen unterschied Fritz Heider?,"1. Psychoedukation, 2. Aufdecken dysfunktionaler Gedanken, 3. Veränderung der Gedanken.","Die Fähigkeit, Ereignisse und Zustände zu erklären, vorherzusagen und zu beeinflussen.",Internale (in der Person liegende) und externale (in der Situation liegende) Faktoren.,Die Prüfung von Kausalzusammenhängen durch die systematische Variation von Bedingungen.,C
sozial-28,sozial,Welche drei Ursachendimensionen beschreibt Bernard Weiner?,Aktivitätsaufbau (angenehme Tätigkeiten) und die Strukturierung des Tagesablaufs.,Lernen durch die Konsequenzen des eigenen Verhaltens (Verstärkung oder Bestrafung).,"Lokation (internal/external), Stabilität (stabil/variabel) und Kontrollierbarkeit.",In der Faschismusforschung zur Erklärung von Massengehorsam im Nationalsozialismus.,C
sozial-29,sozial,Was beschreibt der 'Fundamentale Attributionsfehler'?,"Das Unvermögen, deutliche Veränderungen in einer visuellen Szenerie zu bemerken, wenn diese während einer kurzen Unterbrechung auftreten.","Die Tendenz, den Einfluss situationaler Faktoren zu unterschätzen und den Einfluss dispositionaler Faktoren (Persönlichkeit) zu überschätzen.",Interpersonelle Traumata (z. B. Vergewaltigung) haben ein deutlich höheres Risiko zur Folge als zufällige Traumata (z. B. Naturkatastrophen).,"Sie liefert das Basiswissen, um psychische Probleme der Klientel zu erkennen und zu verstehen, während das Sozialwesen den Fokus auf Beratung legt.",B
sozial-30,sozial,Was ist der Kerngegenstand der Gesundheitspsychologie?,"Die Dysthymie ist eine chronische, über mindestens zwei Jahre anhaltende depressive Verstimmung mit geringerem Schweregrad.","Die Untersuchung psychologischer Prozesse, die Gesundheit fördern, erhalten und zur Bewältigung von Krankheiten beitragen.","Teildisziplin der Psychologie, die sich mit psychischen Störungen und psychischen Aspekten somatischer Krankheiten befasst.","Die Veränderung von Einstellungen, Überzeugungen oder Verhaltensweisen durch die Präsenz oder Handlungen anderer Personen.",B
sozial-31,sozial,Welche Rolle spielt 'Soziale Unterstützung' für die Gesundheit?,Sie fungiert als Puffer gegen Stress und stärkt die physische sowie psychische Widerstandsfähigkeit.,Das gleichzeitige Vorliegen von zwei oder mehr verschiedenen psychischen Störungen bei einer Person.,"Bei einer mindestens zwei Jahre anhaltenden Dauer mit multiplen, wechselnden körperlichen Symptomen.","Das Bestreben, sich selbst als „gut“ zu empfinden und den eigenen Wert vor Verletzungen zu schützen.",A
sozial-32,sozial,Was beschreibt das Konzept der 'Expressed Emotions'?,"Sie stellen oft einen Versuch dar, Kontrolle in einer als bedrohlich oder unkontrollierbar erlebten Welt zu behalten oder zu gewinnen.","Die Untersuchung der Bereitschaft gewöhnlicher Menschen, einer Autorität gehorsam zu sein, selbst wenn dies anderen Schaden zufügt.","Das Ausmaß an Kritik, Feindseligkeit und emotionalem Überengagement, das Angehörige gegenüber einem kranken Familienmitglied zeigen.",Das Erlebbar-Machen der problematischen Erlebnisse und Verhaltensweisen innerhalb der therapeutischen oder beraterischen Situation.,C
sozial-33,sozial,Was besagt das Yerkes-Dodson-Gesetz?,Dass es ein optimales Erregungsniveau für maximale Leistung gibt; zu niedrige oder zu hohe Erregung mindern die Leistung.,Weil soziale Probleme oft psychische Probleme erzeugen (und umgekehrt) und Psychologie Methoden zur Problemlösung bietet.,Sie steht nicht im Mittelpunkt und sollte nur ergänzend zur Psychotherapie nach sorgfältiger Abwägung eingesetzt werden.,"Sie wirken als Vermittler: Nicht die Situation selbst, sondern die Bewertung der Situation bestimmt Gefühl und Reaktion.",A
sozial-34,sozial,Welche Stressreaktion beschrieb Walter Cannon?,Selbstwirksamkeitserwartungen (Glaube an eigene Fähigkeiten) und Handlungsergebniserwartungen.,Ein sehr niedriger BMI zu Behandlungsbeginn und eine lange Krankheitsdauer vor Therapiebeginn.,Durch den Prozess der Habituation (Gewöhnung) und das Erlernen neuer Bewältigungserfahrungen.,Die 'Fight-or-Flight'-Reaktion (Kampf-oder-Flucht) als unmittelbare energetische Aktivierung.,D
sozial-35,sozial,Nenne die drei Phasen des Allgemeinen Adaptationssyndroms nach Hans Selye.,"Einzelfallhilfe, Gruppenarbeit oder Gemeinwesenarbeit","Alarmphase, Widerstandsphase und Erschöpfungsphase.","Individuum, Gruppe, Organisation und Gesellschaft.",Genetische Einflüsse und ein Dopaminmangel im Gehirn.,B
sozial-36,sozial,Was kennzeichnet eine 'Veränderungskrise'?,"Die Dysthymie ist eine chronische, über mindestens zwei Jahre anhaltende depressive Verstimmung mit geringerem Schweregrad.","Gedanken über das eigene Denken, wie z. B. „Meine Sorgen sind unkontrollierbar“ oder „Grübeln hilft mir beim Problemlösen“.","Teildisziplin der Psychologie, die sich mit psychischen Störungen und psychischen Aspekten somatischer Krankheiten befasst.","Sie entsteht durch vorhersehbare Lebensereignisse oder Übergänge (z. B. Pubertät, Rente) und erfordert eine Neuorientierung.",D
sozial-37,sozial,Wodurch zeichnet sich eine 'traumatische Krise' aus?,"Durch plötzliche, unvorhersehbare und existenzbedrohende Ereignisse von massiver Intensität.","Ernährungsmanagement, Psychoedukation, kognitive Verhaltenstherapie und Rückfallprophylaxe.",Durch den Prozess der Habituation (Gewöhnung) und das Erlernen neuer Bewältigungserfahrungen.,"Bei der Bearbeitung komplexer oder neuer Aufgaben, die noch nicht sicher beherrscht werden.",A
sozial-38,sozial,Nenne zwei Beispiele für 'Personenressourcen'.,Das Milgram-Experiment zum Gehorsam gegenüber Autoritäten.,"Angststörungen (47,1\%) oder affektive Störungen (38,3\%).","Stimulus, Organismus, Reaktion, Kontingenz und Consequenz.","Selbstwirksamkeit, Fachwissen oder physische Konstitution.",D
sozial-39,sozial,Nenne zwei Beispiele für 'Umweltressourcen'.,Krisenintervention und Durchführung von Trainings zur Gewaltprävention.,Die Kognitive Verhaltenstherapie (KVT) als begleitende Psychotherapie.,Als langandauerndes affektives Band zu nicht auswechselbaren Personen.,"Soziale Netzwerke, finanzielle Sicherheit oder ein stabiles Wohnumfeld.",D
sozial-40,sozial,Wie unterscheiden sich subjektive und objektive Ressourcen?,Objektive Ressourcen sind faktisch vorhanden; subjektive Ressourcen basieren auf der individuellen Wahrnehmung und Bewertung.,"Sie entsteht durch vorhersehbare Lebensereignisse oder Übergänge (z. B. Pubertät, Rente) und erfordert eine Neuorientierung.","Teildisziplin der Psychologie, die sich mit psychischen Störungen und psychischen Aspekten somatischer Krankheiten befasst.","Die Dysthymie ist eine chronische, über mindestens zwei Jahre anhaltende depressive Verstimmung mit geringerem Schweregrad.",A
sozial-41,sozial,Warum ist Psychologie eine wichtige Grundlage für die Soziale Arbeit?,"Sie wirken als Vermittler: Nicht die Situation selbst, sondern die Bewertung der Situation bestimmt Gefühl und Reaktion.",Sie steht nicht im Mittelpunkt und sollte nur ergänzend zur Psychotherapie nach sorgfältiger Abwägung eingesetzt werden.,Dass es ein optimales Erregungsniveau für maximale Leistung gibt; zu niedrige oder zu hohe Erregung mindern die Leistung.,Weil soziale Probleme oft psychische Probleme erzeugen (und umgekehrt) und Psychologie Methoden zur Problemlösung bietet.,D
sozial-42,sozial,Welche Zielsetzung verfolgt die klassische empirische Methode des Experiments?,Körperkontakt (Trost) ist eine wichtigere Bindungsvariable als die bloße Nahrungsquelle.,"Die Fähigkeit, Ereignisse und Zustände zu erklären, vorherzusagen und zu beeinflussen.","1. Psychoedukation, 2. Aufdecken dysfunktionaler Gedanken, 3. Veränderung der Gedanken.",Die Prüfung von Kausalzusammenhängen durch die systematische Variation von Bedingungen.,D
sozial-43,sozial,Was ist im Experiment die 'unabhängige Variable' (UV)?,"Mädchen suchen eher soziale Unterstützung, während Jungen eher zur Ablenkung neigen.",Traumafokussierte Kognitive Verhaltenstherapie (z. B. Prolonged Exposure) oder EMDR.,Lernen durch die Konsequenzen des eigenen Verhaltens (Verstärkung oder Bestrafung).,"Die Variable, die vom Forscher aktiv verändert wird, um ihre Wirkung zu untersuchen.",D
sozial-44,sozial,Was ist im Experiment die 'abhängige Variable' (AV)?,Körperkontakt (Trost) ist eine wichtigere Bindungsvariable als die bloße Nahrungsquelle.,Die Identifikation der aufrechterhaltenden Bedingungen eines problematischen Verhaltens.,"Die Variable, an der die Wirkung der Veränderung der unabhängigen Variable gemessen wird.","Durch Unzuverlässigkeit, Unkontrollierbarkeit und Volatilität des elterlichen Verhaltens.",C
sozial-45,sozial,Hans Selye bezeichnete Stress metaphorisch als _____.,Würze des Lebens,Etwa ab 8 Jahren.,Die Stabilität.,Die Amygdala.,A
sozial-46,sozial,"Der professionelle Umgang mit Menschen in sozialen Notlagen erfordert wissenschaftlich fundierte Methoden wie _____, _____ oder _____.""","Aufmerksamkeitsstörung, Überaktivität und Impulsivität.","Einzelfallhilfe, Gruppenarbeit oder Gemeinwesenarbeit",Genetische Einflüsse und ein Dopaminmangel im Gehirn.,Es existieren insgesamt 79 verschiedene Hauptdiagnosen.,B
sozial-47,sozial,Die Psychologie wird definiert als Wissenschaft vom _____ und _____ der Individuen.,Klinische Psychologie,Handeln und Erleben,"Mit ca. 1,5 Jahren.",Etwa ab 8 Jahren.,B
sozial-48,sozial,Was ist die zentrale Aufgabe der Schulsozialarbeit bei Gewaltphänomenen unter Schülern?,"Soziale Netzwerke, finanzielle Sicherheit oder ein stabiles Wohnumfeld.",Als langandauerndes affektives Band zu nicht auswechselbaren Personen.,Krisenintervention und Durchführung von Trainings zur Gewaltprävention.,Die Kognitive Verhaltenstherapie (KVT) als begleitende Psychotherapie.,C
sozial-49,sozial,"Welches Experiment wird oft herangezogen, um zu klären, warum Menschen bereit sind, andere zu foltern?""",Das Milgram-Experiment zum Gehorsam gegenüber Autoritäten.,"Stimulus, Organismus, Reaktion, Kontingenz und Consequenz.","Angststörungen (47,1\%) oder affektive Störungen (38,3\%).","Selbstwirksamkeit, Fachwissen oder physische Konstitution.",A
sozial-50,sozial,In Weiner's Modell: Ist 'Fähigkeit' eine internale oder externale Ursache?,Konformität (öffentliche Compliance).,Die operante Verstärkung nach Skinner.,"Blut-, Spritzen- und Verletzungsphobie.",Internal (innerhalb der Person liegend).,D
sozial-51,sozial,In Weiner's Modell: Gilt 'Anstrengung' als stabile oder variable Ursache?,Auf das Vorliegen von Suizidgedanken oder akuter Suizidalität.,Eine erhöhte Theta-Aktivität im Vergleich zur Beta-Aktivität.,"Anorexia nervosa, Bulimia nervosa und Binge-Eating-Störung.",Variabel (da sie von Situation zu Situation schwanken kann).,D
sozial-52,sozial,"Welcher Prozess findet statt, wenn eine Mehrheit ihre Meinung ändert, um nicht aufzufallen?""",Die operante Verstärkung nach Skinner.,Konformität (öffentliche Compliance).,Internal (innerhalb der Person liegend).,"Blut-, Spritzen- und Verletzungsphobie.",B
sozial-53,sozial,"Wie nennt man die psychologische Lehre, die sich mit der 'Gesunderhaltung' befasst?""",Salutogenese,Die Amygdala.,WhatsApp.,Die Stabilität.,A
sozial-54,sozial,Welche Disziplin der Psychologie befasst sich spezifisch mit dem 'Leben mit psychischen Störungen'?,Mindestens 6 Symptome.,Klinische Psychologie,Bindung und Sicherheit.,"Mit ca. 1,5 Jahren.",B
sozial-55,sozial,Ebene sozialer Systeme: Welches System steht über der Organisation?,Die Gesellschaft (Makro-Ebene).,Soziale Phobie und Depression.,Die anaklitische Depression.,Selbstvertrauen und Orientierung.,A
sozial-56,sozial,Was ist ein 'Wahrnehmungsfilter'?,"Sie dient der ersten Stabilisierung, Vermittlung von Hoffnung und Unterstützung bei der sozialen Neuorientierung.","Probleme der Affektregulation, ein negatives Selbstbild (Wertlosigkeit) und dauerhafte Beziehungsschwierigkeiten.",Wiederholte Klagen über körperliche Symptome ohne ausreichenden organischen Befund trotz medizinischer Abklärung.,"Ein kognitiver Mechanismus, der bestimmt, welche Umweltreize ins Bewusstsein dringen und welche ignoriert werden.",D
sozial-57,sozial,Was beschreibt die 'Reaktionsphase' in einer Veränderungskrise?,Dass die Anwesenheit anderer die Leistung bei einfachen oder gut gelernten Aufgaben verbessert.,"Die Phase, in der Gefühle wie Angst, Wut oder Trauer nach dem ersten Schock verarbeitet werden.",Exposition an körpereigenen Signalen (interozeptive Exposition) und kognitive Umstrukturierung.,Weil sie ohne kortikale Beteiligung direkt im emotionalen Erfahrungsgedächtnis abgelegt werden.,B
sozial-58,sozial,Warum ist das Milgram-Experiment heute ethisch umstritten?,"Bei erheblichem Untergewicht, rapidem Gewichtsverlust oder lebensbedrohlichen somatischen Komplikationen.","Depressive Stimmung, Interessen- oder Freudlosigkeit sowie verminderter Antrieb/gesteigerte Ermüdbarkeit.","Die gezielte Nutzung vorhandener Stärken, Fähigkeiten und Potenziale des Klienten zur Problembewältigung.","Wegen der extremen psychischen Belastung der Versuchspersonen, die glaubten, anderen Schmerzen zuzufügen.",D
sozial-59,sozial,"Nenne ein Beispiel für psychosoziale Probleme, die Gegenstand der Sozialen Arbeit sind.""",Willkürliches Schlussfolgern (Pessimismus ohne Beleg) und Übergeneralisierung.,"Soziale Netzwerke, finanzielle Sicherheit oder ein stabiles Wohnumfeld.","Physiologische Ebene, Verhaltensebene, kognitive Ebene und emotionale Ebene.","Familienkonflikte, Isolation, Armut, Gewalt oder Verhaltensauffälligkeiten.",D
sozial-60,sozial,"Welche Ursachendimension beschreibt, ob eine Ursache zeitlich von Dauer ist?""",Etwa ab 8 Jahren.,Die Amygdala.,Würze des Lebens,Die Stabilität.,D